"NBa7we src","d4r55","rsqaWe","wiI7pd"
"https://lh3.googleusercontent.com/a/ACg8ocL8UoWxT-k1kMq8e8tydj6JslYczC2ea6pX93-9KGCOuWDldw=w36-h36-p-rp-mo-br100","Cheryl Salo","a month ago","Chris was very reliable ..quick response when I called.  Very courteous and we would use his services again.
He got rid of a large grill from our backyard
Thanks Chris"
"https://lh3.googleusercontent.com/a-/ALV-UjUby_ExT0n6uiox_wqJVRMFS7l7KBeUrpgCMTuMQxNF1mUdqZyJzg=w36-h36-p-rp-mo-br100","Leeann Garner","4 months ago","I highly recommend Southwest Hauling & Junk Removal LLC! Chris, the owner, was quick to respond and very professional from the start. He arrived right on time and handled the removal quickly and efficiently. Everything was hauled away …"
"https://lh3.googleusercontent.com/a-/ALV-UjUBxsPpWoQYNGvPOEsm4F2H-2QG1F9mmAS1lytDoSjEnlmj1d8Y=w36-h36-p-rp-mo-ba12-br100","J P","4 months ago","Amazing company, even better guy, very responsive was at my house in 20min.  very honest and stand up. Highly recommended."
"https://lh3.googleusercontent.com/a/ACg8ocJrqsywSKBRRooFTIDtcBt_pjkf2VDmTN2jz8eVveonmDn0Yg=w36-h36-p-rp-mo-br100","Geoff Mata","4 months ago","I had an excellent experience with Southwest Hauling & Junk Removal! The team was professional, punctual, and worked quickly to get everything loaded up and hauled away. They made the whole process super easy and stress-free. …"
"https://lh3.googleusercontent.com/a/ACg8ocK86xe7SPdM_AzgINzapp0YvCW2WDEBpBLC5SpjshlA0RAMaz8=w36-h36-p-rp-mo-ba12-br100","Operations Manager","3 months ago","Chris was an absolute lifesaver this weekend. Sent a quick text on Saturday, and he showed up ready to help, no questions asked.
His responsiveness, work ethic, and willingness to jump in on short notice made …"
"https://lh3.googleusercontent.com/a-/ALV-UjUUr3DlYVqbXuOm5y6mUqAiCUAE4jkgleDBaNusFSMUeybcidM=w36-h36-p-rp-mo-br100","Robin Morrison","2 weeks ago","I contacted Chris with Southwest Hauling & Junk Removal to get rid of some large old wooden gardening planters and bagged yard debris I had. He was courteous, professional and communicative. He was able to work around my schedule and was …"
"https://lh3.googleusercontent.com/a-/ALV-UjUmMkCPnXThrnqXkE5CfxmYC4egOpyhS5o7y3a32tr0C86vrQY_=w36-h36-p-rp-mo-br100","Yulonda Jones","2 months ago","I needed help clearing out post-move boxes and leftover trash, so I reached out to Chris at Southwest Hauling & Junk Removal—and I’m really glad I did. From the start, communication was quick, professional, and straightforward. Chris was …"
"https://lh3.googleusercontent.com/a/ACg8ocLjSkwZY_xAR7nb8qLVfv-2N3cOW-YVXH2QdQu3Ub7rk7WDblk=w36-h36-p-rp-mo-br100","Christina McInerney","2 weeks ago","Chris did a great job removing all of our junk  including large items like our hot tub. He provided a competitive quote and was very responsive. Highly recommend Southwest Hauling!"
"https://lh3.googleusercontent.com/a-/ALV-UjVmJkq2M1HejOryPYoyfJ3f2nuXkivpe9mOw-Ceo3O_NAcUtB0=w36-h36-p-rp-mo-br100","kimberley baptista","a week ago","Excellent service! Definitely recommend if you’re looking for help with hauling away items. Great communication and reasonable prices."
"https://lh3.googleusercontent.com/a-/ALV-UjWRxCbvg_SJa97-_X3E3eeoVmDyzme5iYkBZ62efLG8iN_R64Y=w36-h36-p-rp-mo-br100","Jackie Shappell","4 months ago","Highly recommend southwest hauling and junk removal! Came out same day to give a quote on a pretty big back yard clean up job and was able to get it done the next day! Can't believe how great the yard looks and how quickly they got it done. …"
"https://lh3.googleusercontent.com/a/ACg8ocKHMxrCrYBogaZ-gj8wWi6EgfOwqk11G152VSOQm6pTEtKVig=w36-h36-p-rp-mo-br100","Mariah Robles","4 months ago","I reached out & they were on their way within 10 minutes to haul our junk away! Super nice and great communication. Their rates are also very affordable. Would definitely recommend and will be using them if needed in the future :)"
"https://lh3.googleusercontent.com/a/ACg8ocKnP-3QAIPA9giHm0JdLOwQWC2jn66Vv00pbg5o-BHORuc17g=w36-h36-p-rp-mo-br100","Ken G","4 months ago","They were fantastic! I called for a quote and they were out that same day. In short order they collected all my junk, cleaned the area, and hauled away all my stuff for a great price. The owner is a really nice hard working family man that is honest and very professional. I would recommend them highly."
"https://lh3.googleusercontent.com/a/ACg8ocJs7yHvukmPOPIT1KQMuTiQ4hTL6qRFJwL9_XuT1OE7T1W4nA=w36-h36-p-rp-mo-br100","Karen Gatlin","3 months ago","I highly recommend hiring Chris for your junk removal needs. His rates were very reasonable, and he was responsive and communicative throughout the entire process. His customer service was excellent—he arrived exactly when he said he would …"
"https://lh3.googleusercontent.com/a-/ALV-UjVtU8v-QnuBayR-qdm4KI_tQt_IQW5P2HA5UjND6PkufaxY1BP8=w36-h36-p-rp-mo-br100","Andrew Saba","2 months ago","Chris with Southwest Hauling and Junk Removal was a breeze to work with.  Always showed up on time and was always working hard.  He respected my property and his rates were great.  I will be giving Chris a call with no hesitation on any …"
"https://lh3.googleusercontent.com/a-/ALV-UjXN-Z3siUkw5LnbvNhN4DvFQgkR0ucgmKr8kN9mEn49Mxx2Owvk=w36-h36-p-rp-mo-br100","Kevin Harlan","4 months ago","Super Happy with the SouthWest Hauling Team! fantastic to work with, have used twice already and have more stuff to dump! My neighbors love SW too."
"https://lh3.googleusercontent.com/a/ACg8ocLsKP7DsRm3sn6TW84MeuJ4cu9tN0Zqt36nDfR68TBhmy3O4w=w36-h36-p-rp-mo-br100","Alison Owen","a month ago","Highly, highly recommend! We got a text back immediately with a quote and he was at our house on a Sunday within 30 minutes. He finished the job quickly, was very professional, and friendly! We will definitely be using again in the future!"
"https://lh3.googleusercontent.com/a-/ALV-UjWCg3gmUUMVQWr0XcyfbpvMqnhtrEXQJ6s1WctELkpAgIz6YbWz=w36-h36-p-rp-mo-br100","Fey","2 months ago","Chris was wonderful to deal with, prompt communication, immediate and accurate estimate, extremely pleasant. The day of the haul went perfectly, he was very considerate of our family dog and left the backyard in much better condition than he found it, haha. Will definitely be calling Southwest Hauling and Junk Removal in the future!"
"https://lh3.googleusercontent.com/a/ACg8ocJAWQSJ4GY6XlRItTHLu-PpfgMbfzOxrAGBbEfK3_5ntbCmag=w36-h36-p-rp-mo-br100","Stephen Sample","a month ago","⭐⭐⭐⭐⭐

Southwest Hauling & Junk Removal was fantastic to work with. They were …"
"https://lh3.googleusercontent.com/a/ACg8ocJnal9bqD-d1fNeZyUPoVwCEUVRD81O-AJBxEH1Vls8tUU-wA=w36-h36-p-rp-mo-br100","Ashlee Cutlip","4 months ago","I was in a real pickle and needed some items removed from my house quickly. I reached out to Southwest Hauling and Junk Removal and got a response almost immediately. Scheduling was fast and easy! …"
"https://lh3.googleusercontent.com/a-/ALV-UjWgl-frzRV1bugeQoWEsisgxAO_ao_Zqb6QhTc7ID-kpqWYD0kG=w36-h36-p-rp-mo-br100","Ed Smalley","3 months ago","Contacted him late morning, Chris responded and was able to gather up my junk and be completely  done in a matter of minutes by early afternoon. Very courteous and pleasant to work with. I will use him again if I have the need. I highly recommend him, got the job done exceeding my expectations."
"https://lh3.googleusercontent.com/a/ACg8ocKHNSlh-jOLoIxJQwfbLXcUvyXxaYhu49IclkJ0-9o1MBm6uQ=w36-h36-p-rp-mo-br100","Jennifer Garnier","4 months ago","I have used Southwest Hauling and Junk Removal 3 times since moving into my home. They do an amazing job. They are quick, on time, and leave my garage looking better than when they showed up! Their prices are really reasonable and they are …"
"https://lh3.googleusercontent.com/a/ACg8ocJ7EhvGeJEp6HKExN1SuHeGzzQ36-jWsWYh0rScHOjDQ_AJvQ=w36-h36-p-rp-mo-br100","Christina Haslett","2 months ago","Southwest junk removal was so responsive and got my removal booked quickly after I initially reached out. They came about 15 minutes early (with notice) which was awesome as I had a busy day and was happy to get one more thing crossed off …"
"https://lh3.googleusercontent.com/a-/ALV-UjWo10DKgjAbMXtB6Nnwv4xfGCXf7KGj48k0lAz339TXCcZG6Vo45Q=w36-h36-p-rp-mo-br100","VERONICA Pedreira","2 months ago","Chris with Southwest Hauling & Junk Removal was great! He answered my text quickly, scheduled my pick up within a day, arrived on time, and moved stuff to my daughter's and hauled some large boxes away for a reasonable price. Will call again."
"https://lh3.googleusercontent.com/a-/ALV-UjWwNNv3nSLIbFNNLjiWUsSSfRk7DiRp4zfWIGHGlNADyRs5lZGonQ=w36-h36-p-rp-mo-ba12-br100","Renfro Clan","a month ago","Chris responded quickly and provided budget friendly quote. Fast, friendly and great communication. Highly recommend and will use for future junk removal!!"
"https://lh3.googleusercontent.com/a-/ALV-UjUsKrKBh5NtIhpecFj6LwjmqIFixVY_PyO1RwCWXyrPKuAMuAo=w36-h36-p-rp-mo-br100","Marcus Vazquez","3 weeks ago","Quick and Very professional. Highly recommended if you just don’t want to get rid of things yourself."
"https://lh3.googleusercontent.com/a-/ALV-UjWnMSVpy0IwvW0qfkUJMpVDE2cd3mPfVWcu7lQ6wpboy2M2Mr0=w36-h36-p-rp-mo-ba12-br100","Sergio Sosa","4 months ago","Chris is the real deal!!!

He made this entire process so incredibly easy and stress-free. His …"
"https://lh3.googleusercontent.com/a/ACg8ocKgDDk0JMQHRyTLdyIEPmkCyK3A1I9WptYayqfrKBeORdF86Q=w36-h36-p-rp-mo-br100","Debra Maness","4 months ago","I called spoke to the owner who was very professional. They came out within a half hour and removed everything for a very reasonable price. I was so impressed and would highly recommend this company for any removal and hauling."
"https://lh3.googleusercontent.com/a/ACg8ocKsb3vj1Pof5g43Ao8PFHIvFOcPr5vrqZfDVrmhN9uHsSrTew=w36-h36-p-rp-mo-br100","Yvonne Jacquez","3 months ago","I recently hired Chris for junk hauling, and I couldn’t be more impressed with the service. From the very first interaction, he was professional, punctual, and incredibly courteous. He showed up exactly when he said he would, ready to work, …"
"https://lh3.googleusercontent.com/a-/ALV-UjWVCHsuvSnep9riNj99SQVzNxav2jE971qWeIvVHZsd7lE6bLeu3w=w36-h36-p-rp-mo-br100","Leanne Hodson","3 weeks ago","Fantastic service! Chris communicated well and got my junk hauled away within a couple of hours of my initial inquiry."
"https://lh3.googleusercontent.com/a/ACg8ocI64k-imE6YEfjm3ShRcdbbatT3o57-K5rbbLEyN3uoi5oqTQ=w36-h36-p-rp-mo-br100","Tammy Krom","4 months ago","Chris is on outstanding man. I tried everyone and no one would help. I text him my info and do not have money and disabled. Him and his brother came over free of charge and moved my China cabinet that had been sitting for 3.days. moved it …"
"https://lh3.googleusercontent.com/a/ACg8ocIAb8jNOpfHB2DfaFe_WhXi-qKCwuMnoMIdjhSYg4nOAU0F7w=w36-h36-p-rp-mo-br100","Pradeep Nambiath","4 months ago","Highly recommend Southwest Hauling. Super easy to get hold of and perfect on time! Chris was super nice and helpful. Would not go anywhere else for your hauling needs…"
"https://lh3.googleusercontent.com/a-/ALV-UjVDxnYfVEslcLGOUdmOpoA_xlUqQqZ4Q5syOvm8BGmq0kWaLqdo=w36-h36-p-rp-mo-br100","Christina Wyrick","2 months ago","Highly recommend. I called him and he was able to come out the same day, loaded up my stuff and hauled it away in less than an hour. Very friendly as well!"
"https://lh3.googleusercontent.com/a-/ALV-UjUeYLOHrNum4LlE_G8CdSOteb-zrK51BGt-z9nVy7rQkg8objDt=w36-h36-p-rp-mo-br100","Robert Schultz","2 months ago","Had Chris remove a jacuzzi that had seen better days. He showed up early, worked quickly on dismantling the tub.
Was very careful removing it from the backyard to front of house, left no mess. …"
"https://lh3.googleusercontent.com/a/ACg8ocILO65_US3CGtUF75iwX-O4O79RP-pMT5xE76i82ZEt8Tb93w=w36-h36-p-rp-mo-br100","Chelsey Janik","3 months ago","Chris was very communicative and responded quickly to my inquiry. He was able to come out quickly as well. If I ever need junk removal I will definitely come to him again!"
"https://lh3.googleusercontent.com/a/ACg8ocJ8l_psNoXBtw-vcg1EQVipXn7pc0D1g6MeQeXDrOh3C71zEw=w36-h36-p-rp-mo-br100","Sheila Skridler","a month ago","Chris and his wife came over on a holiday to look at my yard. He could hear the stress in my voice.  Showed up both times we set up and filled his truck and trailer full both times.  I highly recommend him. Small job or large he will get it handled."
"https://lh3.googleusercontent.com/a/ACg8ocIyWUXQ6uzhbA-yvlWUqmTmrLFW25h9c2OxYaatjXZqq0cF4g=w36-h36-p-rp-mo-br100","Michael Griego","4 months ago","Chris does great work at a fair price! I wouldn’t choose anyone else for my hauling and junk removal!! He took care of my whole side yard that was packed and got it all done in the same day!!"
"https://lh3.googleusercontent.com/a-/ALV-UjWV6wwt9S1TOKzYDaKNV5_l1p94nmypitTrLSzhww43yvPeYsoB2Q=w36-h36-p-rp-mo-ba12-br100","Shanna Day","3 months ago","Chris! Can’t say enough good things about him and his services. He stopped what he was doing (ON A SATURDAY) and came to serve our team with a junk removal job. Professional. Kind. And so so helpful. Cannot recommend him enough!"
"https://lh3.googleusercontent.com/a-/ALV-UjVnYhQkqb3q30hKgbevE8Osc9YqALCLfpNvdhHDvLAlSm1oD40=w36-h36-p-rp-mo-br100","samylyn","4 months ago","Thank you Southwest Hauling & Junk Removal team! Outstanding job today on the construction debris removal. I appreciate you hauling it all away. Excellent same day service."
"https://lh3.googleusercontent.com/a/ACg8ocIQ5wHmurFlw1QEcauZFOTiqKE8vFzdVShgNBFwXYxwxcz1xg=w36-h36-p-rp-mo-br100","Candice Richins","3 months ago","Absolutely amazing!!! Transformed our old, junky barn into a usable space. Reliable, professional, and kind. Will definitely use Southwest Hauling & Junk Removal again and highly recommend to anyone!"
"https://lh3.googleusercontent.com/a/ACg8ocJbAf3EjhjUZ4N9b1crwCin-NJxLICCKjmigrSZKLQKTH-b25Y=w36-h36-p-rp-mo-br100","Paige P","3 months ago","Amazing, affordable and quick service. I posted an ad that I needed junk temoved and he reached out immediately with same day service
Highly recommend"
"https://lh3.googleusercontent.com/a/ACg8ocIIYsnHKb5tnKPudDRKtvzAdq_6kWSKZ656gYJAKk1o3NZLzA=w36-h36-p-rp-mo-br100","LISA Coste","3 months ago","Amazing job. Arrived early, was very professional and polite. Got a big job done quickly. I would highly recommend!!!"
"https://lh3.googleusercontent.com/a/ACg8ocL3g7IPNU--tt0Is3hzWD3SuLYl8kztU2sEoQd932nItMRE90um=w36-h36-p-rp-mo-ba12-br100","Roy Collins","4 months ago","Chris was communicated well, provided a quote on a timely basis, arrived on time and completed the task and more... I highly recommend Chris and Southwest Hauling and Junk Removal!!!"
"https://lh3.googleusercontent.com/a/ACg8ocKMQ7ZqcOU2vhb3FL8pZzs-htkemgbdnNQW0etCy-GAUNiGkA=w36-h36-p-rp-mo-br100","Big Z","4 months ago","recently used Southwest Hauling to remove a bunch of debris from my property in the Phoenix area, and the entire experience was absolutely fantastic from start to finish. …"
"https://lh3.googleusercontent.com/a-/ALV-UjXj0xi4F5dJO8StrWJSRPp4a9_J5b6XWapm59d7DczwZFdpOQop=w36-h36-p-rp-mo-ba12-br100","Sergio Torres","4 months ago","Had him take out some old furniture and a bunch of junk.  Great service and great price overall.  RECOMEND!"
"https://lh3.googleusercontent.com/a/ACg8ocKpTsd6HdzDXEricRuDPhoDQCgOcHxkTvH9CCynZ-H-6Ocsrg=w36-h36-p-rp-mo-br100","Keeleigh Hagar","4 months ago","I had to have my water heater replaced due to a leak and the plumber that did the replacement said he was going to have someone come get the old one that he left outside in my driveway. A few days had passed and nothing. I posted on ND …"
"https://lh3.googleusercontent.com/a-/ALV-UjX9fKZYfXkocUMLtrHFoWflJLXMLcubkRCEItP5ximvt6nsID-A=w36-h36-p-rp-mo-br100","Richard A. Powell II","4 months ago","Received a bid to have an old gas griddle and some boxes and moving materials hauled away. Gave me a fair price, showed up on time, and made quick work. Highly recommend."
"https://lh3.googleusercontent.com/a/ACg8ocJv1hhLO4Esz4jtDDxPQEybNaXM42-9piPYCQXl62Ras1MFytM=w36-h36-p-rp-mo-br100","Sam White","4 months ago","Chris was proffesional, quick responsive and fairly priced for my same day pick up of my massive refrigerator that bulk pick up denied. Would use again absolutely"
"https://lh3.googleusercontent.com/a-/ALV-UjXb9uhEFzaR-5r5cJSOVd8OZ3mbh3BLlUGkOpwvq8C09GGyrQG9=w36-h36-p-rp-mo-ba12-br100","faith weissenberger","4 months ago","Great guy..Did a perfect job hauling my stuff out. Super appreciated his help and professionalism."
"https://lh3.googleusercontent.com/a-/ALV-UjVo39x4r_JtSoVGdTRj7_J271Ru9lL4jZ1fT26UtLqDV-efWAHP=w36-h36-p-rp-mo-ba12-br100","Ryan Walker","4 months ago","If you're in need of junk removal Chris is your go-to guy, excellent customer & reliable."
"https://lh3.googleusercontent.com/a-/ALV-UjX6xCHQw0USJTADJ8AsGpPFiAbgORfLwLW1x-XcGtXhXq8g8hUl=w36-h36-p-rp-mo-br100","Christopher Ramos","3 months ago","Thank you ! Fast and quick Removal of our construction debris highly recommend will use again !"
"https://lh3.googleusercontent.com/a/ACg8ocJh-G_BCB4UBDQNM4gCmwddgBcrKJhV9sASrqRjwkgFuz3o=w36-h36-p-rp-mo-br100","Jeff Harris","4 months ago","This fellow's rates are reasonable, he's professional, on-time, and thoroughly a joy to contact and have the tasks needing done get taken care of promptly and thoroughly."
"https://lh3.googleusercontent.com/a/ACg8ocIfHIpqNwT9-0aIJXF0lzDmTEcJwsgP1UwTCw3iJMNHJTzO=w36-h36-p-rp-mo-br100","Liz","4 months ago","Christopher had excellent communication, came in and got the job done next day. Highly recommended!"
"https://lh3.googleusercontent.com/a-/ALV-UjUqebrApaPbaCEir4AIX5YYf_4R7IQtkrrGKjn7M17A-sa4MVSb=w36-h36-p-rp-mo-br100","Charles Stewart","3 months ago","Super friendly, quick service and great communication. Will be using this service again :)"
"https://lh3.googleusercontent.com/a/ACg8ocL_hku_v9rbk0hmfb_HIoHC8dIMRSXGWwVHhbpnJy8F_hnhRA=w36-h36-p-rp-mo-ba12-br100","Ben Compton","4 months ago","Superior professionalism, courtesy and service at an amazing price! Highly recommend!"
"https://lh3.googleusercontent.com/a-/ALV-UjXwYW4Yue0v9vZ8sOl_nqvk3iPNvEJ0v1fH57vWpQlpoGavPf8=w36-h36-p-rp-mo-ba12-br100","HAWG Holsters","4 months ago","They make the junk  go away.  Honest prices.  Hard working."
"https://lh3.googleusercontent.com/a/ACg8ocLKzDdBFMYAKhuvtvmxwGn0GXftVmv9G-RjckVGS1AgN1d8aw=w36-h36-p-rp-mo-br100","Mark Miranda","4 months ago","Was easy to work with and would highly recommend their service!"
"https://lh3.googleusercontent.com/a-/ALV-UjVetLay3VZivQ53iy9VDGp5gcP1QjCGv5_Flpf9Nk2boLi5pTNO0g=w36-h36-p-rp-mo-br100","Victoria Villarreal","3 months ago","THANKS FOR HELPING ME OUT ON SUCH A SHORT NOTICE!!!!  I APPRECIATE YOU!!!
DEPENDABLE
PROMPT"
"https://lh3.googleusercontent.com/a/ACg8ocITvDiC4cJq9LmbVWlQgQiZkn91doY9KbcPjs57jRu-afi0bw=w36-h36-p-rp-mo-br100","Jay Flores","3 months ago","Did an amazing job ,great service!👍🏽 …"
"https://lh3.googleusercontent.com/a/ACg8ocIW7GWeVFQ_gpmt87Ue4tav6yoQOTIul2NVCK6Pmus9o0w_lA=w36-h36-p-rp-mo-br100","Jason Rottmann","3 months ago","Chris was great to work with. Top notch."
"https://lh3.googleusercontent.com/a/ACg8ocIyVBa9dJ-jsSs-My1L0fXQ_WN7ih_-4RCURr9MgeYagAYBbQ=w36-h36-p-rp-mo-br100","Salvatore Facista","2 months ago","Quick and professional"
"https://lh3.googleusercontent.com/a-/ALV-UjVHVRtOfbCERitw4jmmeErclab76nQ2jhAKJA841LSTZ4HGYMtB=w36-h36-p-rp-mo-br100","Corrina Torres","2 weeks ago","I had a great experience. I called and he was out the next morning for my things...very quick turn. I offered to help load the things, but he was self sufficient, I didn't need to lift a finger. He came prepared with enough space in his …"
"https://lh3.googleusercontent.com/a-/ALV-UjXxj1pBXt5aTdkWJC3Qu1MX6c6YbTs20NieDI6SZEZbZ3R5TkvL=w36-h36-p-rp-mo-br100","Scott Marquette","a month ago","Today was the 2nd time we've used Christopher's services. He is very professional and efficient. Price was great. And he is just a kind human. Thank you!"
"https://lh3.googleusercontent.com/a-/ALV-UjUov6UfRN6gWXnWLn8mAGirgQ5bZb0iG1EVwCni9nGxWeefxkTH=w36-h36-p-rp-mo-ba12-br100","Christopher Gutierrez","2 months ago","Chris was awesome to work with — super down to earth, friendly, and professional. He responded quickly, showed up exactly when he said he would, and gave me a very fair price. He hauled away a bunch of large heavy boxes with no problem and …"
"https://lh3.googleusercontent.com/a-/ALV-UjXz-W8zECHbWBhVb_i4-7rmB5uAxWyNC0kzqcP3grrPjfY0DW1O=w36-h36-p-rp-mo-br100","doug delandro","2 months ago","Chris did a great job. He was clear and fair in his pricing, punctual and did an exceptional job making sure everything I needed gone was picked up. He even came back the next day for some last items that I needed gone that I had missed. Highy recommend using him."
"https://lh3.googleusercontent.com/a-/ALV-UjViTaJN-2KePWHI1EiCLKpzcq4oriTO0HAHCoty8_OrD4xro8k=w36-h36-p-rp-mo-br100","Makoto Boice","2 months ago","We had a last minute request to get some accumulated clutter removed before moving out. This included a bulky, heavy upright antique piano. Definitely not the easiest thing to remove (or move for that matter), but these guys got it done."
"https://lh3.googleusercontent.com/a-/ALV-UjV-aSyBrdFN80Nw9qFSaRMc86dcJIHkL18ER1_NwL7UB4QhIkE=w36-h36-p-rp-mo-br100","Celine Sabo","3 months ago","Chris is your man if you are looking to move or haul furniture & household/ office items! He responds quickly with a fast quote, & delivers on his promises with real strength & professional, friendly communication. His pricing is extremely fair and he expedited my move with great care!"
"https://lh3.googleusercontent.com/a-/ALV-UjVriHANj-dbRjDhuXyrIAq2bbRNpOoFkjKEzTckP95nRpXBk7xJ=w36-h36-p-rp-mo-br100","Haley Smith","a week ago",""
"https://lh3.googleusercontent.com/a-/ALV-UjUHxepPraCtTmQeMIwmp6fgwgRC4vpbVn2_D746u3Q1DkeZYmiAXQ=w36-h36-p-rp-mo-br100","Jeff Swanson","a month ago",""